<?xml version="1.0" encoding="UTF-8"?>
<facephi-widget-conf version="1.3"
    border_width="4.0"
    border_color_tip="#3167FC"
    background_color_tip="#3167FC99"
    border_color_capture="#ffffff"
    border_color_success="#ffffff"
    background_color_success="#2CC13D4C"
    border_color_error="#ffffff"
    background_color_error="#EB184C33"
    swap_exit_info_positions="true"
    camera_scale="ASPECT_FILL"
    >

    <view id="CaptureIDFront">

        <gradientBackground id="background"
        colorStart="#29318399"
        colorEnd="#C0C0C099"
        xStart="0.333" yStart="0.200"
        xEnd="0.750" yEnd="1.166"
        />

        <panel id="IDPanel"
        color="#3167FC99"
        />

        <frameIDOverlay id="frameOverlay"
        value=""
        />

        <frameID id="frame"
        color="#3167FC"
        />

        <labeledIcon id="tipCaptureFront"
        icon="IDIconFront.png"
        icon_align="BOTTOM"
        separation="16.0"
        text="CaptureTipFront"
        text_color="#FFFFFF"
        text_align="CENTER"
        font="Poppins-SemiBold.ttf"
        font_size="16.0"
        line_height="21.0"
        />


        <gradientPanel id="infoPanel"
        colorStart="#3167FC"
        colorEnd="#3167FC"
        xStart="0.333" yStart="0.200"
        xEnd="0.750" yEnd="1.166"
        />

        <labeledIcon id="infoCaptureFront"
        align="LEFT"
        icon="IDIconSMFront.png"
        icon_align="LEFT"
        separation="16.0"
        text="CaptureInfoFront"
        text_color="#FFFFFF"
        text_align="LEFT"
        font="Poppins-SemiBold.ttf"
        font_size="16.0"
        line_height="21.0"
        />

        <buttonImage id="buttonInfo" 
            value="info-light.png"
        />
        <buttonImage id="buttonExit" 
            value="exit-light.png"
        />

        <image id="logo" 
            value="logoSelphIDLight.png"
        />
    </view>


    <view id="CaptureIDFrontSuccess">

        <gradientBackground id="background"
        colorStart="#29318399"
        colorEnd="#C0C0C099"
        xStart="0.333" yStart="0.200"
        xEnd="0.750" yEnd="1.166"
        />

        <documentImage id="lastDocumentImage"/>

        <panel id="IDPanel"
        color="#2CC13D4C"
        />

        <frameID id="frame"
        color="#ffffff"
        />

        <gradientPanel id="capturePanel"
        colorStart="#FFFFFF"
        colorEnd="#FFFFFF"
        xStart="0.333" yStart="0.200"
        xEnd="0.750" yEnd="1.166"
        />

        <labeledIcon id="successCaptureFront"
        icon="checkIcon.png"
        icon_align="LEFT"
        separation="16.0"
        text="CaptureSuccessFront"
        text_color="#0F8837"
        text_align="LEFT"
        font="Poppins-SemiBold.ttf"
        font_size="16.0"
        line_height="21.0"
        />

        <gradientPanel id="infoPanel"
        colorStart="#3167FC"
        colorEnd="#3167FC"
        xStart="0.333" yStart="0.200"
        xEnd="0.750" yEnd="1.166"
        />

        <labeledIcon id="infoCaptureFront"
        align="LEFT"
        icon="IDIconSMFront.png"
        icon_align="LEFT"
        separation="16.0"
        text="CaptureInfoFront"
        text_color="#FFFFFF"
        text_align="LEFT"
        font="Poppins-SemiBold.ttf"
        font_size="16.0"
        line_height="21.0"
        />

        <buttonImage id="buttonInfo" 
            value="info-light.png"
        />
        <buttonImage id="buttonExit" 
            value="exit-light.png"
        />

        <image id="logo" 
            value="logoSelphIDLight.png"
        />

        <flash id="flash"
        color="#ffffffcc"
        delay="0.1"
        duration="0.25"
        />

    </view>


    <view id="CaptureIDFrontError">

        <gradientBackground id="background"
        colorStart="#29318399"
        colorEnd="#C0C0C099"
        xStart="0.333" yStart="0.200"
        xEnd="0.750" yEnd="1.166"
        />

        <flash id="flash"
        color="#ff763933"
        delay="0.1"
        duration="0.3"
        />

        <panel id="IDPanel"
        color="#EB184C33"
        />

        <frameID id="frame"
        color="#ffffff"
        />

        <gradientPanel id="capturePanel"
        colorStart="#FFFFFF"
        colorEnd="#FFFFFF"
        xStart="0.333" yStart="0.200"
        xEnd="0.750" yEnd="1.166"
        />

        <labeledIcon id="errorCaptureFront"
        icon="errorIcon.png"
        icon_align="LEFT"
        separation="16.0"
        text="CaptureError"
        text_color="#DD3631"
        text_align="LEFT"
        font="Poppins-SemiBold.ttf"
        font_size="16.0"
        line_height="21.0"
        />

        <gradientPanel id="infoPanel"
        colorStart="#3167FC"
        colorEnd="#3167FC"
        xStart="0.333" yStart="0.200"
        xEnd="0.750" yEnd="1.166"
        />

        <labeledIcon id="infoCaptureFront"
        align="LEFT"
        icon="IDIconSMFront.png"
        icon_align="LEFT"
        separation="16.0"
        text="CaptureInfoFront"
        text_color="#FFFFFF"
        text_align="LEFT"
        font="Poppins-SemiBold.ttf"
        font_size="16.0"
        line_height="21.0"
        />

        <buttonImage id="buttonInfo" 
            value="info-light.png"
        />
        <buttonImage id="buttonExit" 
            value="exit-light.png"
        />

        <image id="logo" 
            value="logoSelphIDLight.png"
        />

    </view>



    <view id="CaptureOtherSideTransition">
        
        <gradientBackground id="background"
        colorStart="#29318399"
        colorEnd="#C0C0C099"
        xStart="0.333" yStart="0.200"
        xEnd="0.750" yEnd="1.166"
        />

        <documentImage id="lastDocumentImage"/>

        <frameID id="frame"
        color="#ffffff"
        />

        <buttonImage id="buttonInfo" 
            value="info-light.png"
        />
        <buttonImage id="buttonExit" 
            value="exit-light.png"
        />

        <image id="logo" value="logoSelphIDLight.png"/>

    </view>


    <view id="CaptureIDBack">

        <gradientBackground id="background"
        colorStart="#29318399"
        colorEnd="#C0C0C099"
        xStart="0.333" yStart="0.200"
        xEnd="0.750" yEnd="1.166"
        />

        <panel id="IDPanel"
        color="#3167FC99"
        />

        <frameIDOverlay id="frameOverlay"
        value=""
        />

        <frameID id="frame"
        color="#3167FC"
        />

        <labeledIcon id="tipCaptureBack"
        icon="IDIconBack.png"
        icon_align="BOTTOM"
        separation="16.0"
        text="CaptureTipBack"
        text_color="#FFFFFF"
        text_align="CENTER"
        font="Poppins-SemiBold.ttf"
        font_size="16.0"
        line_height="21.0"
        />


        <gradientPanel id="infoPanel"
        colorStart="#3167FC"
        colorEnd="#3167FC"
        xStart="0.333" yStart="0.200"
        xEnd="0.750" yEnd="1.166"
        />

        <labeledIcon id="infoCaptureBack"
        align="LEFT"
        icon="IDIconSMBack.png"
        icon_align="LEFT"
        separation="16.0"
        text="CaptureInfoBack"
        text_color="#FFFFFF"
        text_align="LEFT"
        font="Poppins-SemiBold.ttf"
        font_size="16.0"
        line_height="21.0"
        />

        <buttonImage id="buttonInfo" 
            value="info-light.png"
        />
        <buttonImage id="buttonExit" 
            value="exit-light.png"
        />
<!--
        <button id="buttonNext"
            background="#00000000"
            decorator="#FFFFFF"
            foreground="#FFFFFF"
            content="button_skip"
            content_type="TEXT_ID"
            font="Poppins-SemiBold.ttf"
            font_size="16.0"
            align="CENTER"
            type="FLAT_WITH_BORDER"
        />
-->
        <image id="logo" 
            value="logoSelphIDLight.png"
        />

    </view>

    <view id="CaptureIDBackSuccess">

        <gradientBackground id="background"
        colorStart="#29318399"
        colorEnd="#C0C0C099"
        xStart="0.333" yStart="0.200"
        xEnd="0.750" yEnd="1.166"
        />

        <documentImage id="lastDocumentImage"/>

        <panel id="IDPanel"
        color="#2CC13D4C"
        />

        <frameID id="frame"
        color="#ffffff"
        />

        <gradientPanel id="capturePanel"
        colorStart="#FFFFFF"
        colorEnd="#FFFFFF"
        xStart="0.333" yStart="0.200"
        xEnd="0.750" yEnd="1.166"
        />

        <labeledIcon id="successCaptureBack"
        icon="checkIcon.png"
        icon_align="LEFT"
        separation="16.0"
        text="CaptureSuccessBack"
        text_color="#0F8837"
        text_align="LEFT"
        font="Poppins-SemiBold.ttf"
        font_size="16.0"
        line_height="21.0"
        />

        <gradientPanel id="infoPanel"
        colorStart="#3167FC"
        colorEnd="#3167FC"
        xStart="0.333" yStart="0.200"
        xEnd="0.750" yEnd="1.166"
        />

        <labeledIcon id="infoCaptureBack"
        align="LEFT"
        icon="IDIconSMBack.png"
        icon_align="LEFT"
        separation="16.0"
        text="CaptureInfoBack"
        text_color="#FFFFFF"
        text_align="LEFT"
        font="Poppins-SemiBold.ttf"
        font_size="16.0"
        line_height="21.0"
        />

        <buttonImage id="buttonInfo" 
            value="info-light.png"
        />
        <buttonImage id="buttonExit" 
            value="exit-light.png"
        />

        <image id="logo" 
            value="logoSelphIDLight.png"
        />

        <flash id="flash"
        color="#ffffffcc"
        delay="0.1"
        duration="0.25"
        />

    </view>


    <view id="CaptureIDBackError">

        <gradientBackground id="background"
        colorStart="#29318399"
        colorEnd="#C0C0C099"
        xStart="0.333" yStart="0.200"
        xEnd="0.750" yEnd="1.166"
        />

        <flash id="flash"
        color="#EB184C33"
        delay="0.1"
        duration="0.3"
        />

        <panel id="IDPanel"
        color="#EB184C33"
        />

        <frameID id="frame"
        color="#ffffff"
        />

        <gradientPanel id="capturePanel"
        colorStart="#FFFFFF"
        colorEnd="#FFFFFF"
        xStart="0.333" yStart="0.200"
        xEnd="0.750" yEnd="1.166"
        />

        <labeledIcon id="errorCaptureBack"
        icon="errorIcon.png"
        icon_align="LEFT"
        separation="16.0"
        text="CaptureError"
        text_color="#DD3631"
        text_align="LEFT"
        font="Poppins-SemiBold.ttf"
        font_size="16.0"
        line_height="21.0"
        />

        <gradientPanel id="infoPanel"
        colorStart="#3167FC"
        colorEnd="#3167FC"
        xStart="0.333" yStart="0.200"
        xEnd="0.750" yEnd="1.166"
        />

        <labeledIcon id="infoCaptureBack"
        align="LEFT"
        icon="IDIconSMBack.png"
        icon_align="LEFT"
        separation="16.0"
        text="CaptureInfoBack"
        text_color="#FFFFFF"
        text_align="LEFT"
        font="Poppins-SemiBold.ttf"
        font_size="16.0"
        line_height="21.0"
        />

        <buttonImage id="buttonInfo" 
            value="info-light.png"
        />
        <buttonImage id="buttonExit" 
            value="exit-light.png"
        />
<!--
        <button id="buttonNext"
            background="#00000000"
            decorator="#FFFFFF"
            foreground="#FFFFFF"
            content="button_skip"
            content_type="TEXT_ID"
            font="Poppins-SemiBold.ttf"
            font_size="16.0"
            align="CENTER"
            type="FLAT_WITH_BORDER"
        />
-->
        <image id="logo" 
            value="logoSelphIDLight.png"
        />

    </view>

    <view id="ShowID">
        <background id="background"
        color="#ffffff"
        />
       
        <documentImage id="lastDocumentImage"/>

        <frameID id="frame"
        color="#E6E8F0"
        />
        
        <text id="tip"
        color="#526080"
        font="Poppins-Regular.ttf"
        font_size="20.0"
        />

        <button id="buttonRetry"
        background="#FFFFFF"
        decorator="#526080"
        foreground="#3167FC"
        content="button_repeat"
        content_type="TEXT_ID"
        font="Poppins-SemiBold.ttf"
        font_size="16.0"
        align="CENTER"
        type="FLAT_WITH_BORDER"
        />
        
        <button id="buttonAccept"
        background="#3167FC"
        decorator="#3167FC"
        foreground="#FFFFFF"
        content="button_finish"
        content_type="TEXT_ID"
        font="Poppins-SemiBold.ttf"
        font_size="16.0"
        align="CENTER"
        type="FLAT_WITH_BORDER"
        />
        
        <buttonImage id="buttonInfo" 
            value=""
        />
        <buttonImage id="buttonExit" 
            value="back-dark.png"
        />

        <image id="logo" 
            value=""
        />
    </view>

    <view id="InfoTutorial">

        <background id="back"
        color="#000000"
        />

        <gradientBackground id="background"
        colorStart="#29318399"
        colorEnd="#C0C0C099"
        xStart="0.333" yStart="0.200"
        xEnd="0.750" yEnd="1.166"
        />

        <panel id="IDPanel"
        color="#3167FC99"
        />

        <frameID id="frame"
        color="#3167FC"
        />

        <buttonImage id="buttonExit" value="exit-light.png"/>

        <image id="logo" value="logoSelphIDLight.png"/>

        <background id="infoBackground"
        color="#00000066"
        />
        
        <buttonImage id="buttonInfo" value="info-light.png"/>

        <button id="buttonAccept"
        background="#3167FC"
        foreground="#FFFFFF"
        content="button_finish"
        content_type="TEXT_ID"
        font="Poppins-SemiBold.ttf"
        font_size="16.0"
        align="CENTER"
        />

    </view>


    <view id="Tutorial1">
        <background id="background"
        color="#ffffff"
        />

        <video id="tip_video" value="01_tut_contraste.mp4"/>

        <imageBackground id="imageBackground"
        image="background.png"
        scale="SCALE_FILL"
        />

        <text id="tip"
        color="#526080"
        font="Poppins-Regular.ttf"
        font_size="20.0"
        />

        <button id="buttonBack"
        background="#00000000"
        foreground="#3167FC"
        content="button_skip"
        content_type="TEXT_ID"
        font="Poppins-SemiBold.ttf"
        font_size="16.0"
        align="LEFT"
        align_text="LEFT"
        align_resource="RIGHT"
        content_text="button_skip"
        content_resource=""
        />
        
        <button id="buttonNext"
        background="#00000000"
        foreground="#3167FC"
        content="button_next"
        content_type="TEXT_ID"
        font="Poppins-SemiBold.ttf"
        font_size="16.0"
        align="RIGHT"
        align_text="RIGHT"
        align_resource="LEFT"
        content_text="button_next"
        content_resource="arrow-next-dark.png"
        />

        <pagination id="pagination" steps="3"
        page="1"
        image_on="paged-on-dark.png"
        image_off="paged-off-dark.png"
        separation="16.0"
        />

        <buttonImage id="buttonExit" 
            value="back-dark.png"
        />

        <image id="logo" value=""/>   
    </view>

    <view id="Tutorial2">
        <background id="background"
        color="#ffffff"
        />

        <video id="tip_video" value="02_tut_captura.mp4"/>
        
        <imageBackground id="imageBackground"
        image="background.png"
        scale="SCALE_FILL"
        />

        <text id="tip"
        color="#526080"
        font="Poppins-Regular.ttf"
        font_size="20.0"
        />

        <button id="buttonBack"
        background="#00000000"
        foreground="#3167FC"
        content="button_back"
        content_type="TEXT_ID"
        font="Poppins-SemiBold.ttf"
        font_size="16.0"
        align="LEFT"
        align_text="LEFT"
        align_resource="RIGHT"
        content_text="button_back"
        content_resource="arrow-back-dark.png"
        />
        
        <button id="buttonNext"
        background="#00000000"
        foreground="#3167FC"
        content="button_next"
        content_type="TEXT_ID"
        font="Poppins-SemiBold.ttf"
        font_size="16.0"
        align="RIGHT"
        align_text="RIGHT"
        align_resource="LEFT"
        content_text="button_next"
        content_resource="arrow-next-dark.png"
        />

        <pagination id="pagination" steps="3"
        page="2"
        image_on="paged-on-dark.png"
        image_off="paged-off-dark.png"
        separation="16.0"
        />

        <buttonImage id="buttonExit" 
            value="back-dark.png"
        />

        <image id="logo" value=""/>   
    </view>

    <view id="Tutorial3">
        <background id="background"
        color="#ffffff"
        />

        <video id="tip_video" value="03_tut_luz.mp4"/>
        
        <imageBackground id="imageBackground"
        image="background.png"
        scale="SCALE_FILL"
        />
        
        <text id="tip"
        color="#526080"
        font="Poppins-Regular.ttf"
        font_size="20.0"
        />

        <button id="buttonBack"
        background="#00000000"
        foreground="#3167FC"
        content="button_back"
        content_type="TEXT_ID"
        font="Poppins-SemiBold.ttf"
        font_size="16.0"
        align="LEFT"
        align_text="LEFT"
        align_resource="RIGHT"
        content_text="button_back"
        content_resource="arrow-back-dark.png"
        />
        
        <button id="buttonNext"
        background="#00000000"
        foreground="#3167FC"
        content="button_ready"
        content_type="TEXT_ID"
        font="Poppins-SemiBold.ttf"
        font_size="16.0"
        align="RIGHT"
        align_text="RIGHT"
        align_resource="LEFT"
        content_text="button_ready"
        content_resource=""
        />

        <pagination id="pagination" steps="3"
        page="3"
        image_on="paged-on-dark.png"
        image_off="paged-off-dark.png"
        separation="16.0"
        />

        <buttonImage id="buttonExit" 
            value="back-dark.png"
        />

        <image id="logo" value=""/>   
    </view>
    <view id="Tutorial1_PP">
        <background id="background"
        color="#ffffff"
        />

        <video id="tip_video" value="01_tut_contraste.mp4"/>

        <imageBackground id="imageBackground"
        image="background.png"
        scale="SCALE_FILL"
        />

        <text id="tip"
        color="#526080"
        font="Poppins-Regular.ttf"
        font_size="20.0"
        />

        <button id="buttonBack"
        background="#00000000"
        foreground="#3167FC"
        content="button_skip"
        content_type="TEXT_ID"
        font="Poppins-SemiBold.ttf"
        font_size="16.0"
        align="LEFT"
        align_text="LEFT"
        align_resource="RIGHT"
        content_text="button_skip"
        content_resource=""
        />
        
        <button id="buttonNext"
        background="#00000000"
        foreground="#3167FC"
        content="button_next"
        content_type="TEXT_ID"
        font="Poppins-SemiBold.ttf"
        font_size="16.0"
        align="RIGHT"
        align_text="RIGHT"
        align_resource="LEFT"
        content_text="button_next"
        content_resource="arrow-next-dark.png"
        />      

        <pagination id="pagination" steps="3"
        page="1"
        image_on="paged-on-dark.png"
        image_off="paged-off-dark.png"
        separation="16.0"
        />

        <buttonImage id="buttonExit" 
            value="back-dark.png"
        />

        <image id="logo" value=""/>   
    </view>

    <view id="Tutorial2_PP">
        <background id="background"
        color="#ffffff"
        />

        <video id="tip_video" value="02_tut_captura.mp4"/>

        <imageBackground id="imageBackground"
        image="background.png"
        scale="SCALE_FILL"
        />
        
        <text id="tip"
        color="#526080"
        font="Poppins-Regular.ttf"
        font_size="20.0"
        />

        <button id="buttonBack"
        background="#00000000"
        foreground="#3167FC"
        content="button_back"
        content_type="TEXT_ID"
        font="Poppins-SemiBold.ttf"
        font_size="16.0"
        align="LEFT"
        align_text="LEFT"
        align_resource="RIGHT"
        content_text="button_back"
        content_resource="arrow-back-dark.png"
        />
        
        <button id="buttonNext"
        background="#00000000"
        foreground="#3167FC"
        content="button_next"
        content_type="TEXT_ID"
        font="Poppins-SemiBold.ttf"
        font_size="16.0"
        align="RIGHT"
        align_text="RIGHT"
        align_resource="LEFT"
        content_text="button_next"
        content_resource="arrow-next-dark.png"
        />

        <pagination id="pagination" steps="3"
        page="2"
        image_on="paged-on-dark.png"
        image_off="paged-off-dark.png"
        separation="16.0"
        />

        <buttonImage id="buttonExit" 
            value="back-dark.png"
        />

        <image id="logo" value=""/>   
    </view>

    <view id="Tutorial3_PP">
        <background id="background"
        color="#ffffff"
        />

        <video id="tip_video" value="03_tut_luz.mp4"/>

        <imageBackground id="imageBackground"
        image="background.png"
        scale="SCALE_FILL"
        />
        
        <text id="tip"
        color="#526080"
        font="Poppins-Regular.ttf"
        font_size="20.0"
        />

        <button id="buttonBack"
        background="#00000000"
        foreground="#3167FC"
        content="button_back"
        content_type="TEXT_ID"
        font="Poppins-SemiBold.ttf"
        font_size="16.0"
        align="LEFT"
        align_text="LEFT"
        align_resource="RIGHT"
        content_text="button_back"
        content_resource="arrow-back-dark.png"
        />
        
        <button id="buttonNext"
        background="#00000000"
        foreground="#3167FC"
        content="button_ready"
        content_type="TEXT_ID"
        font="Poppins-SemiBold.ttf"
        font_size="16.0"
        align="RIGHT"
        align_text="RIGHT"
        align_resource="LEFT"
        content_text="button_ready"
        content_resource=""
        />     

        <pagination id="pagination" steps="3"
        page="3"
        image_on="paged-on-dark.png"
        image_off="paged-off-dark.png"
        separation="16.0"
        />

        <buttonImage id="buttonExit" 
            value="back-dark.png"
        />

        <image id="logo" value=""/>   
    </view>


</facephi-widget-conf>

