<?xml version="1.0" encoding="UTF-8"?>
<selphid-widget-conf version="1.0">
    
    <DocumentID id="BR" iso="BRA">
        <Version id="DL" type="TD1">
            <Front>
                <FACE/>
                <ML cols="3" split_by="lines" separation="0.04" space_separation="0.10">
                    
                    <findLineMatch id="0000_0" dst="mrzPresent" regex="(.*\&lt;\s?\&lt;.*)" value="($1)"/>
                    <rejectIfValid id="0000_1" src="mrzPresent"/>

                    <findLineMatch id="10" src="registerNumberLine" dst="registerNumber"
                        regex="([0-9oOl]{11})"
                        value="([N]$1)"
                    />
                    <rejectIfNotValid id="18" src="registerNumber"/>
                    <assignField id="19" src="registerNumber" field="RegisterNumber"/>

                    <findLineMatch id="20" src="cpfLine" dst="cpf"
                        regex="^([0-9oOl]{3})(?:,|\.)([0-9oOl]{3})(?:,|\.)([0-9oOl]{3})-([0-9oOl]{2})"
                        value="([N]$1).([N]$2).([N]$3)-([N]$4)"
                    />
                    <rejectIfNotValid id="28" src="cpf"/>
                    <assignField id="29" src="cpf" field="CPF"/>

                    <findLineMatch id="30" dst="docNumber"
                        regex="([0-9oOl]{8})([0-9a-zA-Z])([ 0-9a-zA-Z]{3,4}RJ)"
                        value="([N]$1)($2)([U]$3)"
                        overwrite="false"
                    />
                    <assignIfContent id="30_1" dst="issuerLocal" src="docNumber" value="RJ" op="exists" param="" param_2="" />
                    <jumpIfValid id="30_2" src="issuerLocal" dst="jumpDocumentIssuer" />
                    <findLineMatch id="31" dst="docNumber"
                        regex="([0-9oOl]{8})(?:.+[sS8][sS8]P.*[sS8]P)"
                        value="([N]$1)"
                        overwrite="false"
                    />
                    <assignIfContent id="31_1" dst="issuerLocal" src="docNumber" value="SP" op="exists" param="" param_2="" />
                    <jumpIfValid id="31_2" src="issuerLocal" dst="jumpDocumentIssuer" />
                    <findLineMatch id="32" dst="docNumber"
                        regex="([0-9oOl]{8})(?:.+[sS8]P)"
                        value="([N]$1)"
                        overwrite="false"
                    />
                    <assignIfContent id="32_1" dst="issuerLocal" src="docNumber" value="SP" op="exists" param="" param_2="" />
                    <jumpIfValid id="32_2" src="issuerLocal" dst="jumpDocumentIssuer" />
                    <findLineMatch id="33" dst="docNumber"
                        regex="([0-9|o|O]{8})"
                        value="([N]$1)"
                        overwrite="false"
                    />
                    <label id="35" src="jumpDocumentIssuer" />
                    <rejectIfNotValid id="36" src="docNumber"/>
                    <assignField id="37" src="issuerLocal" field="IssuerLocal"/>
                    <replaceIfValid id="38" dst="docNumber" content=" " replace=""/>
                    <assignField id="39" src="docNumber" field="DocumentNumber"/>

                    <matchIfValid2 id="40" src="registerNumberLine" dst="DoE" dst2="DoI1"
                        regex="([0-9]{2})(?: |-|\.|\/|\|)+([0-9]{2})(?: |-|\.|\/|\|)+([1-2][0-9]{3})"
                        value="($1)/($2)/($3)"
                    />
                    <findLineMatch2 id="41" dst="DoE" dst2="DoI1"
                        regex="([0-9]{2})(?: |-|\.|\/|\|)+([0-9]{2})(?: |-|\.|\/|\|)+([1-2][0-9]{3})"
                        value="($1)/($2)/($3)"
                        overwrite="false"
                    />
                    <findLineMatch id="42" dst="DoI1"
                        regex="([0-9]{2})(?: |-|\.|\/|\|)+([0-9]{2})(?: |-|\.|\/|\|)+([1-2][0-9]{3})"
                        value="($1)/($2)/($3)"
                        overwrite="false"
                    />
                    <assignField id="48" src="DoE" field="DateOfExpiry"/>
                    <assignField id="49" src="DoI1" field="DateOfInitialIssue"/>

                    <matchIfValid id="50" src="cpfLine" dst="DoB"
                        regex="([0-9]{2})(?: |-|\.|\/|\|)+([0-9]{2})(?: |-|\.|\/|\|)+([1-2][0-9]{3})"
                        value="($1)/($2)/($3)"
                    />
                    <assignField id="59" src="DoB" field="DateOfBirth"/>

                    <findLineContent id="60" dst="dataName" content="NOME" threshold="0.3"/>
                    <findLineContent id="61" dst="dataRegisterNumber" content="N°REGISTRO" threshold="0.3"/>
                    <findLineContent id="62" dst="dataDocNumber" content="DOC. IDENTIDADE / ORG. EMISOR / UF" threshold="0.5"/>

                    <assignIfValid id="70" dst="fn" src="dataName" offset="1" overwrite="false"/>
                    <assignIfValid id="71" dst="fn" src="registerNumber" offset="-2" overwrite="false"/>
                    <assignIfValid id="72" dst="fn" src="dataRegisterNumber" offset="-1" overwrite="false"/>
                    <assignIfValid id="73" dst="fn" src="dataDocNumber" offset="-3" overwrite="false"/>
                    <rejectIfNotValid id="77" src="fn"/>
                    <modifyIfValid id="78" dst="fn" op="U"/>
                    <assignField id="79" src="fn" field="FullName"/>
                    <assignField id="80" src="fn" field="FirstName"/>
                </ML>
            </Front>
            
            <Back>
                <OCR>
                    <region id="FullDocument" x="0.000" y="0.000" w="1.000" h="1.000" />
                </OCR>
                <ML cols="2" split_by="lines" separation="0.04" space_separation="0.10">

                    <findLineMatch id="0000_0" dst="mrzPresent" regex="(.*\&lt;\s?\&lt;.*)" value="($1)"/>
                    <rejectIfValid id="0000_1" src="mrzPresent"/>
                    
                    <findLineContent id="0" dst="mark" content="VÁLIDA EM TODO O TERRITÓRIO NACIONAL" threshold="0.3"/>
                    <rejectIfValid id="9" src="mark"/>

                    <findLineMatch id="10" dst="DoI"
                        regex="([0-9]{2})(?:\/|\|)+([0-9]{2})(?:\/|\|)+([1-2l][0-9oOl]{3})"
                        value="($1)/($2)/($3)"
                    />
                    <rejectIfNotValid id="18" src="DoI"/>
                    <assignField id="19" src="DoI" field="DateOfIssue"/>

                    <findLineContent id="20" dst="dataLocal" content="LOCAL" threshold="0.3"/>
                    <findLineMatch id="21" dst="dataLocal"
                        regex="([LJ][O0o][CE][A4][LJ])"
                        value="($1)"
                        overwrite="false"
                    />
                    <rejectIfNotValid id="29" src="dataLocal"/>

                    <assignIfValid id="30" dst="local" src="dataLocal" offset="1" overwrite="false"/>
                    <assignField id="31" src="local" field="Local"/>

                    <assignIfValid id="40" dst="data1" src="DoI" offset="1" />
                    <assignIfValid id="41" dst="data2" src="DoI" offset="2" />
                    <assignField id="48" src="data1" field="Data1"/>
                    <assignField id="49" src="data2" field="Data2"/>
                </ML>
            </Back>

        </Version>
    </DocumentID>


    <Supported
        Front="AL,AT,BE,BA,BG,HR,CY,CZ,DK,EE,FI,FR,DE,GR,HU,IS,IE,IT,LV,LT,LU,MT,ME,NL,NO,PL,PT,RO,RU,RS,SK,SI,ES,SE,CH,GB,UA,GH,IL,JO,KW,NG,QA,ZA,TR,AE,AR,BS,BO,BR,CL,CO,CR,DO,EC,SV,GT,HT,HN,MX,PA,PY,PE,PR,VE,AU,NZ,ID,JP,MY,PH,SG,KR,VN"
        Back= "NL,KW,NG,AE,BR,CO,DO,SV,GT,HN,PY,PE,AU,SG"

        Exceptions=""
    />
	
</selphid-widget-conf>
