<?xml version="1.0" encoding="UTF-8"?>
<selphid-widget-conf version="1.0">

    <DocumentID id="PE" iso="PER">
        <Version id="Extranjeria" type="TD1">
            <Front>
                <FACE/>
                <ML cols="1" split_by="elements" separation="0.08" y_separation="0.3" space_separation="0.07">

                    <postProcessImage dst=""
                        nonLinear="false"
                        rMin="0.000" rMax="0.999"
                        gMin="0.000" gMax="0.999"
                        bMin="0.000" bMax="0.999"
                        rWeight="0.000"
                        gWeight="0.000"
                        bWeight="1.000"
                    />

                    <findLineMatch id="0000_0" dst="mrzPresent" regex="(.*\&lt;\s?\&lt;.*)" value="($1)"/>
                    <rejectIfValid id="0000_1" src="mrzPresent"/>

                    <findLineMatch id="1" dst="docNumber"
                        regex="([0-9Ool]{9})"
                        value="([N]$1)"
                    />
                    <rejectIfNotValid id="2" src="docNumber"/>
                    <assignField id="9" src="docNumber" field="DocumentNumber"/>

                    <findLineContent id="10" dst="rdp" content="REPUBLICA@DEL@PERÚ" threshold="0.3"/>
                    <findLineContent id="11" dst="sndm" content="SUPERINTENDENCIA@NACIONAL@DE@MIGRACIONES" threshold="0.3"/>
                    <rejectIfNotValid2 id="19" src="rdp" src2="sndm"/>

                    <findLineMatch id="20" dst="dob" overwrite="false"
                        regex="([0-3oOl][0-9oOl]) ?([a-zA-Z0-9oOl]{3}) ?([1-2l][0-9oOl]{3})"
                        value="([N]$1)/([M]$2)/([N]$3)"
                    />
                    <assignField id="29" src="dob" field="DateOfBirth"/>

                    <findLineMatch id="30_00" dst="sex"
                        regex="^(M|F)$"
                        value="($1)"
                        overwrite="false"
                    />
                    <assignField id="30_01" src="sex" field="Gender"/>

                    <findLineMatch id="30_02" dst="ec"
                        regex="^(S|C|D|V)$"
                        value="($1)"
                        overwrite="false"
                    />
                    <findLineMatch id="30_03" dst="ec"
                        regex=" (S|C|D|V)$"
                        value="($1)"
                        overwrite="false"
                    />
                    <assignField id="30_10" src="ec" field="CivilStatus"/>

                    <findLineContent id="30" dst="apeStr" content="APELLIDOS" threshold="0.3" overwrite="false"/>
                    <findLineContent id="31" dst="nomStr" content="NOMBRES" threshold="0.3" overwrite="false"/>
                    <findLineContent id="32" dst="natStr" content="NACIONALIDAD" threshold="0.2" overwrite="false"/>
                    <findLineContent id="33" dst="sexStr" content="SEXO" threshold="0.3" overwrite="false"/>
                    <findLineContent id="34" dst="ecStr" content="ESTADO@CIVIL" threshold="0.3" overwrite="false"/>

                    <findLineFrom id="40" dst="ln" src="apeStr" direction="RIGHT" overwrite="false"/>
                    <findLineFrom id="41" dst="fn" src="nomStr" direction="RIGHT" overwrite="false"/>
                    <findLineFrom id="42" dst="nat" src="natStr" direction="RIGHT" overwrite="false"/>

                    <findLineFrom id="50" dst="ln" src="fn" direction="TOP" overwrite="false"/>
                    <findLineFrom id="51" dst="fn" src="ln" direction="BOTTOM" overwrite="false"/>
                    <findLineFrom id="52" dst="fn" src="nat" direction="TOP" overwrite="false"/>
                    <findLineFrom id="53" dst="nat" src="fn" direction="BOTTOM" overwrite="false"/>

                    <rejectIfNotValid id="58" src="fn" />
                    <rejectIfNotValid id="59" src="ln" />

                    <modifyIfValid id="60" dst="fn" op="U"/>
                    <assignField id="69" src="fn" field="FirstName"/>

                    <modifyIfValid id="70" dst="ln" op="U"/>
                    <assignField id="79" src="ln" field="LastName"/>

                    <modifyIfValid id="80" dst="nat" op="U"/>
                    <assignField id="89" src="nat" field="Nationality"/>

                </ML>
            </Front>

            <Back>
                <OCR>
                    <region id="FullDocument" x="0.000" y="0.000" w="1.000" h="1.000"/>
                </OCR>
                <ML cols="5" split_by="lines" separation="0.0" y_separation="0.0" space_separation="0.07">

                    <findLineMatch id="0000_0" dst="mrzLine1" regex="(.*\&lt;.*\&lt;.*)" value="($1)"/>
                    <findLineMatch id="0000_1" dst="mrzLine2" regex="(.*\&lt;.*\&lt;.*)" value="($1)"/>
                    <rejectIfNotValid id="0000_2" src="mrzLine1"/>
                    <rejectIfNotValid id="0000_3" src="mrzLine2"/>

                    <findLineContent id="0" dst="mig" content="MIGRACIONES" threshold="3" overwrite="false"/>
                    <rejectIfNotValid id="1" src="mig"/>

                    <findLineContent id="10" dst="nPassStr" content="N@@Pasaporte" threshold="0.3" overwrite="false"/>

                    <findLineMatch id="20" dst="doinsc" overwrite="false"
                        regex="([0-3oOl][0-9oOl]) ?([a-zA-Z]{3}) ?([1-2l][0-9oOl]{3})"
                        value="([N]$1)/([M]$2)/([N]$3)"
                    />
                    <assignField id="29" src="doinsc" field="DateOfInscription"/>

                    <findLineMatch id="30" dst="doi" overwrite="false"
                        regex="([0-3oOl][0-9oOl]) ?([a-zA-Z]{3}) ?([1-2l][0-9oOl]{3})"
                        value="([N]$1)/([M]$2)/([N]$3)"
                    />
                    <assignField id="39" src="doi" field="DateOfIssue"/>

                    <findLineMatch id="40" dst="doe" overwrite="false"
                        regex="([0-3oOl][0-9oOl]) ?([a-zA-Z]{3}) ?([1-2l][0-9oOl]{3})"
                        value="([N]$1)/([M]$2)/([N]$3)"
                    />
                    <assignField id="49" src="doe" field="DateOfExpiry"/>

                    <findLineFrom id="50" dst="nPass" src="doinsc" direction="TOP" overwrite="false"/>
                    <findLineFrom id="51" dst="nPass" src="nPassStr" direction="RIGHT" overwrite="false"/>
                    <assignField id="59" src="nPass" field="PassportNumber"/>

                    <replaceIfValid id="60" dst="mrzLine1" content=" " replace=""/>
                    <replaceIfValid id="61" dst="mrzLine2" content=" " replace=""/>

                    <matchIfValid id="70" dst="docNumber" src="mrzLine2" overwrite="false"
                        regex="([0-9oOl]{9})[0-9oOl](?:[A-Za-z0-9]{3})(?:[0-9oOl]{2})(?:[0-1oOl][0-9oOl])(?:[0-3oOl][0-9oOl])[0-9oOl](?:M|F|X)(?:[0-9oOl]{2})(?:[0-1oOl][0-9oOl])(?:[0-3oOl][0-9oOl])"
                        value="([N]$1)"
                    />
                    <assignField id="79" src="docNumber" field="DocumentNumber"/>

                    <matchIfValid id="80" dst="nat" src="mrzLine2" overwrite="false"
                        regex="(?:[0-9oOl]{9})[0-9oOl]([A-Za-z0-9]{3})(?:[0-9oOl]{2})(?:[0-1oOl][0-9oOl])(?:[0-3oOl][0-9oOl])[0-9oOl](?:M|F|X)(?:[0-9oOl]{2})(?:[0-1oOl][0-9oOl])(?:[0-3oOl][0-9oOl])"
                        value="([U]$1)"
                    />
                    <assignField id="89" src="nat" field="Nationality"/>

                    <matchIfValid id="90" dst="dob" src="mrzLine2" overwrite="false"
                        regex="(?:[0-9oOl]{9})[0-9oOl](?:[A-Za-z0-9]{3})([0-9oOl]{2})([0-1oOl][0-9oOl])([0-3oOl][0-9oOl])[0-9oOl](?:M|F|X)(?:[0-9oOl]{2})(?:[0-1oOl][0-9oOl])(?:[0-3oOl][0-9oOl])"
                        value="([N]$3)/([N]$2)/([YP]$1)"
                    />
                    <assignField id="99" src="dob" field="DateOfBirth"/>

                    <matchIfValid id="100" dst="sex" src="mrzLine2" overwrite="false"
                        regex="(?:[0-9oOl]{9})[0-9oOl](?:[A-Za-z0-9]{3})(?:[0-9oOl]{2})(?:[0-1oOl][0-9oOl])(?:[0-3oOl][0-9oOl])[0-9oOl](M|F|X)(?:[0-9oOl]{2})(?:[0-1oOl][0-9oOl])(?:[0-3oOl][0-9oOl])"
                        value="($1)"
                    />
                    <assignField id="109" src="sex" field="Gender"/>

                    <matchIfValid id="110" dst="doe" src="mrzLine2" overwrite="false"
                        regex="(?:[0-9oOl]{9})[0-9oOl](?:[A-Za-z0-9]{3})(?:[0-9oOl]{2})(?:[0-1oOl][0-9oOl])(?:[0-3oOl][0-9oOl])[0-9oOl](?:M|F|X)([0-9oOl]{2})([0-1oOl][0-9oOl])([0-3oOl][0-9oOl])"
                        value="([N]$3)/([N]$2)/([YF]$1)"
                    />
                    <assignField id="119" src="doe" field="DateOfExpiry"/>

                </ML>
            </Back>
        </Version>

        <Version id="Policia" type="TD1">
            <Front>
                <FACE/>
                <ML cols="3" split_by="elements" separation="0.20" space_separation="0.05">

                    <findLineMatch id="0000_0" dst="mrzPresent" regex="(.*\&lt;\s?\&lt;.*)" value="($1)"/>
                    <rejectIfValid id="0000_1" src="mrzPresent"/>

                    <findLineMatch id="1" dst="docNumber"
                        regex="([0-9Ool]{8})"
                        value="([N]$1)"
                    />
                    <rejectIfNotValid id="2" src="docNumber"/>
                    <assignField id="9" src="docNumber" field="DocumentNumber"/>

                    <findLineContent id="10" dst="pnp" content="Policía@Nacional@del@Perú" threshold="0.25" overwrite="false"/>
                    <rejectIfNotValid id="11" src="pnp"/>

                    <findLineMatch id="20" dst="doi" overwrite="false"
                        regex="([0-3oOl][0-9oOl])[ ,:;\-\.\/]?([0-1oOl][0-9oOl])[ ,:;\-\.\/]?([1-2][0-9oOl]{3})"
                        value="([N]$1)/([M]$2)/([N]$3)"
                    />
                    <assignField id="29" src="doi" field="DateOfIssue"/>

                    <findLineContent id="30" dst="gs" content="GRUPO@SANGUINEO@@@@" threshold="0.25" overwrite="false"/>
                    <matchIfValid id="31" dst="BT" src="gs"
                        regex="(A|B|8|0|O|o|AB|A8) ?(\+|\-)"
                        value="([U]$1)($2)"
                        overwrite="false"
                    />
                    <assignField id="39" src="BT" field="BloodType"/>

                    <assignIfValid id="40" dst="lnStr" src="docNumber" offset="+2" />
                    <assignIfValid id="41" dst="fn" src="docNumber" offset="+3" overwrite="false"/>
                    <replaceIfValid id="42" src="lnStr" dst="ln" content="NOMBRES" replace="" threshold="0.3"/>
                    <replaceIfValid id="43" dst="ln" content=":" replace=""/>
                    <modifyIfValid id="44" dst="fn" op="U"/>
                    <modifyIfValid id="45" dst="ln" op="U"/>
                    <assignField id="48" src="fn" field="FirstName"/>
                    <assignField id="49" src="ln" field="LastName"/>

                </ML>
            </Front>
            <Back>
                <!-- types: DATAMATRIX,QRCODE,EAN8,EAN13,CODE39,CODE128 -->
                <BARCODE types="CODE128" decode="splitBy: " charset="UTF-8">
                    <field id="DocumentNumber"       data="0"/>
                </BARCODE>
                <OCR>
                    <region id="FullDocument" x="0.000" y="0.000" w="1.000" h="1.000" />
                </OCR>
                <ML cols="1" split_by="lines" separation="0.20" space_separation="0.05">

                    <findLineContent id="1" dst="l1" content="LA@PERSONA@QUE@PORTE@INDEBIDAMENTE@EL" threshold="0.25" overwrite="false"/>
                    <findLineContent id="2" dst="l2" content="PRESENTE@CARNÉ@@INCURRE@EN@DELITO@DE" threshold="0.25" overwrite="false"/>
                    <findLineContent id="3" dst="l3" content="USURPACION@DE@AUTORIDAD@@EN@CASO@DE" threshold="0.25" overwrite="false"/>
                    <findLineContent id="4" dst="l4" content="HALLAZGO@ENTRÉGUESE@A@LA@DEPENDENCIA" threshold="0.25" overwrite="false"/>
                    <rejectIfNotValid4 id="9" src="l1" src2="l2" src3="l3" src4="l4" />

                </ML>
            </Back>
        </Version>

    </DocumentID>

    <Supported
        Front="AR,AU,AT,BE,BA,BR,BG,CA,CO,CR,HR,CY,CZ,DK,EE,FI,FR,DE,GH,GR,HU,ID,IE,IL,IT,KW,LT,MY,MT,NL,NZ,NG,NO,PA,PH,PL,PT,PR,QA,RO,RU,RS,SG,SK,SI,ZA,ES,SE,CH,TR,AE,GB"
        Back= "AU,BR,CA,CO,KW,NL,AE"
    />

</selphid-widget-conf>
