<?xml version="1.0" encoding="UTF-8"?>
<selphid-widget-conf version="1.0">

    <DocumentID id="000" iso="000">
        <Version id="PASSPORT" type="TD3" document_type="PSP">
            <Front>
                <FACE/>
                <MRZ>
                    <field id="DocumentCode"    line="1" starts="1" count="2" regex="^P"/>
                    <field id="Issuer"          line="1" starts="3" count="3"/>
                    <field id="LastName"        line="1" starts="6" count="??"/>
                    <field id="FirstName"       line="1" starts="??" count="39"/>

                    <field id="DocumentNumber"  line="2" starts="1" count="9"/>
                    <field id="Nationality"     line="2" starts="11" count="3"/>
                    <field id="DateOfBirth"     line="2" starts="14" count="6"/>
                    <field id="Gender"          line="2" starts="21" count="1"/>
                    <field id="DateOfExpiry"    line="2" starts="22" count="6"/>
                    <field id="Opt1"            line="2" starts="29" count="14"/>
                    <field id="NfcKey"          line="2" starts="1" count="9"/>
                </MRZ>
            </Front>
        </Version>
    </DocumentID>


    <Supported
        Front="ALL"
        Back= "ALL"

        Exceptions-Front=""
        Exceptions-Back=""
    />

</selphid-widget-conf>